id,questionType,difficulty,marks,chapter,topic,question,A,B,C,D,correctAnswer,finalAnswer
MAT12_PROBABILITY_BRD_001,TF,Board,1,Probability,Conditional probability and independence,"State whether True or False: If $A$ and $B$ are independent events with $P(B) > 0$, then $P(A\mid B) = P(A)$.",True,False,,,true,True
MAT12_CALCULUS_BRD_002,Numerical,Board,3,Calculus,Definite integrals and area,"Evaluate $\displaystyle\int_0^{4} x \, dx$ and report the numerical value.",,,,,8,$8$
MAT12_CALCULUS_JM_003,AssertionReason,JEE_Main,4,Calculus,Differentiation and applications of derivatives,"Assertion (A): $\dfrac{d}{dx}(\sin x) = \cos x$.
Reason (R): From first principles, $\dfrac{d}{dx}\sin x = \lim_{h\to 0}\dfrac{\sin(x+h)-\sin x}{h}$, which simplifies to $\cos x$ using $\lim_{h\to0}\frac{\sin h}{h}=1$.",Both A and R are true and R is the correct explanation of A.,Both A and R are true but R is NOT the correct explanation of A.,A is true but R is false.,A is false but R is true.,A,Both A and R are true and R correctly explains A.
MAT12_VECTORSAND3DGE_JM_004,SCQ,JEE_Main,4,Vectors and 3D Geometry,Scalar (dot) product,"For $\vec{a} = \hat{i} + 2\hat{j} + 2\hat{k}$ and $\vec{b} = 2\hat{i} + 0\hat{j} + \hat{k}$, the scalar product $\vec{a}\cdot\vec{b}$ is:",$4$,$2$,$6$,$8$,A,$4$
MAT12_VECTORSAND3DGE_JA_005,Numerical,JEE_Advanced,4,Vectors and 3D Geometry,Vector (cross) product,Two vectors are mutually perpendicular with $|\vec{a}| = 2$ and $|\vec{b}| = 3$. Find $|\vec{a}\times\vec{b}|$.,,,,,6,$6$
MAT12_CALCULUS_JM_006,SCQ,JEE_Main,4,Calculus,Definite integrals and area,"Evaluate the definite integral $\displaystyle\int_1^{2} 3x^2 \, dx$.",$7$,$9$,$8$,$3$,A,$7$
MAT12_PROBABILITY_JM_007,SCQ,JEE_Main,4,Probability,Binomial distribution,A fair coin is tossed $4$ times. The probability of getting exactly $2$ heads is:,$0.375$,$0.25$,$0.5$,$0.125$,A,$0.375$ (i.e. $3/8$)
MAT12_VECTORSAND3DGE_JA_008,MCQ,JEE_Advanced,4,Vectors and 3D Geometry,Vector (cross) product,Select ALL correct statements about the cross product $\vec{a}\times\vec{b}$.,It is anti-commutative: $\vec{a}\times\vec{b} = -(\vec{b}\times\vec{a})$.,Its magnitude equals the area of the parallelogram formed by $\vec{a}$ and $\vec{b}$.,It is the zero vector when $\vec{a}$ and $\vec{b}$ are parallel.,The result is a scalar quantity.,"A,B,C","Statements 1, 2 and 3 are correct."
